title,,,,posters_url
Toy Story (1995),,,,https://originalvintagemovieposters.com/wp-content/uploads/2020/02/TOY-STORY-9045-scaled.jpg
Jumanji (1995),,,,https://tse1.mm.bing.net/th/id/OIP.rPPWMgeVt3UBpuopB3TuZQHaLH?pid=Api&P=0&h=180
Grumpier Old Men (1995),,,,https://tse4.mm.bing.net/th/id/OIP.pSTmHUSHhZ2E29yyAbWGJgHaLH?pid=Api&P=0&h=180
Waiting to Exhale (1995),,,,https://tse3.mm.bing.net/th/id/OIP.PsmeK4O41E0NVIa2sM_FNAHaEK?pid=Api&P=0&h=180
Father of the Bride Part II (1995),,,,https://tse4.mm.bing.net/th/id/OIP.Rth8SrKrhSSRsBzkAriApwHaLH?pid=Api&P=0&h=180
Heat (1995),,,,https://tse3.mm.bing.net/th/id/OIP.5XKCKwSdaCFLuTnGzQTulwHaLH?pid=Api&P=0&h=180
Sabrina (1995),,,,"https://m.media-amazon.com/images/M/MV5BYjQ5ZjQ0YzQtOGY3My00MWVhLTgzNWItOTYwMTE5N2ZiMDUyXkEyXkFqcGdeQXVyNjUwMzI2NzU@._V1_UY1200_CR97,0,630,1200_AL_.jpg"
Tom and Huck (1995),,,,https://tse1.mm.bing.net/th/id/OIP.gKdXmzm9KqtLgA6a-2Px0wHaHa?pid=Api&P=0&h=180
Sudden Death (1995),,,,https://tse2.mm.bing.net/th/id/OIP.PJLm6Huq8RsREA7Ac34xwwHaLH?pid=Api&P=0&h=180
GoldenEye (1995),,,,https://tse1.mm.bing.net/th/id/OIP.ibdR_H-2CAxm0sg5rSwx3AHaLH?pid=Api&P=0&h=180
"American President, The (1995)",,,,https://tse4.mm.bing.net/th/id/OIP.PZJgt61q6cxoTh9zzhOZBgHaEK?pid=Api&P=0&h=180
Dracula: Dead and Loving It (1995),,,,https://tse1.mm.bing.net/th/id/OIP.bbMHKDjh-PN-DeGmKy9-LwAAAA?pid=Api&P=0&h=180
Balto (1995),,,,https://tse1.mm.bing.net/th/id/OIP.-YTvTdzK6YH4wu0wFgXvvAHaLH?pid=Api&P=0&h=180
Nixon (1995),,,,https://tse3.mm.bing.net/th/id/OIP.e46ktQvxda_o_by2e5m8aQHaLH?pid=Api&P=0&h=180
Cutthroat Island (1995),,,,https://tse1.mm.bing.net/th/id/OIP.MLJ9zq9af8xkil5lz_1fygAAAA?pid=Api&P=0&h=180
Casino (1995),,,,https://tse2.mm.bing.net/th/id/OIP.KCvMZZNfzcf2OBcH14dxBgHaLH?pid=Api&P=0&h=180
Sense and Sensibility (1995),,,,https://tse4.mm.bing.net/th/id/OIP.9N9e0oc5jBVZpV00CoMyGwHaLH?pid=Api&P=0&h=180
Four Rooms (1995),,,,https://m.media-amazon.com/images/M/MV5BMTM2NjAyOTM1MV5BMl5BanBnZkFtZTYwMTc4NjA5._V1_.jpg
Ace Ventura: When Nature Calls (1995),,,,https://tse2.mm.bing.net/th/id/OIP.ePGP7NfDoWY4V3rDermwcAHaLH?pid=Api&P=0&h=180
Money Train (1995),,,,https://tse2.mm.bing.net/th/id/OIP.BBLqi7j3JSwtDDBM-FvFWgHaLH?pid=Api&P=0&h=180
